{
    "objects": [
        {
            "attributes": {
                "description": "User logon activity dashboard.",
                "hits": 0,
                "kibanaSavedObjectMeta": {
                    "searchSourceJSON": "{\"filter\": [], \"query\": {\"language\": \"kuery\", \"query\": \"\"}}"
                },
                "optionsJSON": "{\"hidePanelTitles\": false, \"useMargins\": false}",
                "panelsJSON": "[{\"embeddableConfig\": {\"title\": \"Admin Users Sessions\"}, \"gridData\": {\"h\": 28, \"i\": \"1\", \"w\": 18, \"x\": 0, \"y\": 34}, \"panelIndex\": \"1\", \"panelRefName\": \"panel_0\", \"title\": \"Admin Users Sessions\", \"version\": \"7.7.0\"}, {\"embeddableConfig\": {\"colors\": {\"AdminLocalSta\": \"#890F02\", \"SERVICIO LOCAL\": \"#508642\"}, \"legendOpen\": true, \"title\": \"Administrators Logged On\", \"vis\": {\"colors\": {\"AdminLocalSta\": \"#890F02\", \"NETWORK SERVICE\": \"#1F78C1\", \"SERVICIO LOCAL\": \"#508642\"}, \"legendOpen\": true}}, \"gridData\": {\"h\": 18, \"i\": \"3\", \"w\": 18, \"x\": 0, \"y\": 16}, \"panelIndex\": \"3\", \"panelRefName\": \"panel_1\", \"title\": \"Administrators Logged On\", \"version\": \"7.7.0\"}, {\"embeddableConfig\": {\"title\": \"\"}, \"gridData\": {\"h\": 6, \"i\": \"4\", \"w\": 12, \"x\": 0, \"y\": 0}, \"panelIndex\": \"4\", \"panelRefName\": \"panel_2\", \"version\": \"7.7.0\"}, {\"embeddableConfig\": {\"title\": \"Logon Details\"}, \"gridData\": {\"h\": 47, \"i\": \"10\", \"w\": 23, \"x\": 0, \"y\": 62}, \"panelIndex\": \"10\", \"panelRefName\": \"panel_3\", \"title\": \"Logon Details\", \"version\": \"7.7.0\"}, {\"embeddableConfig\": {\"title\": \"\"}, \"gridData\": {\"h\": 6, \"i\": \"34fc9633-8a7c-444d-8d19-06095b55fb43\", \"w\": 36, \"x\": 12, \"y\": 0}, \"panelIndex\": \"34fc9633-8a7c-444d-8d19-06095b55fb43\", \"panelRefName\": \"panel_4\", \"version\": \"7.7.0\"}, {\"embeddableConfig\": {\"title\": \"\"}, \"gridData\": {\"h\": 10, \"i\": \"67d2409d-3e51-45d5-972f-32a36537e622\", \"w\": 9, \"x\": 0, \"y\": 6}, \"panelIndex\": \"67d2409d-3e51-45d5-972f-32a36537e622\", \"panelRefName\": \"panel_5\", \"version\": \"7.7.0\"}, {\"embeddableConfig\": {\"title\": \"\"}, \"gridData\": {\"h\": 10, \"i\": \"33d05ce3-f60d-4a31-a668-aa6fab0cc800\", \"w\": 9, \"x\": 9, \"y\": 6}, \"panelIndex\": \"33d05ce3-f60d-4a31-a668-aa6fab0cc800\", \"panelRefName\": \"panel_6\", \"version\": \"7.7.0\"}, {\"embeddableConfig\": {\"title\": \"Logon Events Timeline\"}, \"gridData\": {\"h\": 13, \"i\": \"7b3906e6-3a81-450c-bb31-ca0d670440b7\", \"w\": 30, \"x\": 18, \"y\": 6}, \"panelIndex\": \"7b3906e6-3a81-450c-bb31-ca0d670440b7\", \"panelRefName\": \"panel_7\", \"title\": \"Logon Events Timeline\", \"version\": \"7.7.0\"}, {\"embeddableConfig\": {\"colors\": {\"CachedInteractive\": \"#6ED0E0\", \"Interactive\": \"#2F575E\", \"Network\": \"#447EBC\", \"RemoteInteractive\": \"#64B0C8\", \"Service\": \"#6ED0E0\", \"Unlock\": \"#BADFF4\"}, \"legendOpen\": true, \"title\": \"Logon Types\", \"vis\": {\"colors\": {\"CachedInteractive\": \"#6ED0E0\", \"Interactive\": \"#2F575E\", \"Network\": \"#447EBC\", \"RemoteInteractive\": \"#64B0C8\", \"Service\": \"#65C5DB\", \"Unlock\": \"#BADFF4\"}, \"legendOpen\": true}}, \"gridData\": {\"h\": 15, \"i\": \"cf50b48e-453c-46fb-ad35-7ccfb7b03de0\", \"w\": 15, \"x\": 18, \"y\": 19}, \"panelIndex\": \"cf50b48e-453c-46fb-ad35-7ccfb7b03de0\", \"panelRefName\": \"panel_8\", \"title\": \"Logon Types\", \"version\": \"7.7.0\"}, {\"embeddableConfig\": {}, \"gridData\": {\"h\": 15, \"i\": \"a743ffe5-a2ac-4c0b-9b6f-a81563140c42\", \"w\": 15, \"x\": 33, \"y\": 19}, \"panelIndex\": \"a743ffe5-a2ac-4c0b-9b6f-a81563140c42\", \"panelRefName\": \"panel_9\", \"version\": \"7.7.0\"}, {\"embeddableConfig\": {\"title\": \"RDP Reconnections and Desconnections\"}, \"gridData\": {\"h\": 28, \"i\": \"454bb008-9720-455e-8ab9-b2f47d25aa4f\", \"w\": 18, \"x\": 18, \"y\": 34}, \"panelIndex\": \"454bb008-9720-455e-8ab9-b2f47d25aa4f\", \"panelRefName\": \"panel_10\", \"title\": \"RDP Reconnections and Desconnections\", \"version\": \"7.7.0\"}, {\"embeddableConfig\": {}, \"gridData\": {\"h\": 28, \"i\": \"29a0e70a-ab23-4d48-8d4e-9a39c5af47ad\", \"w\": 12, \"x\": 36, \"y\": 34}, \"panelIndex\": \"29a0e70a-ab23-4d48-8d4e-9a39c5af47ad\", \"panelRefName\": \"panel_11\", \"version\": \"7.7.0\"}, {\"embeddableConfig\": {\"title\": \"Logout Details\"}, \"gridData\": {\"h\": 46, \"i\": \"28115147-8399-4fcd-95ce-ed0a4f4239e3\", \"w\": 25, \"x\": 23, \"y\": 62}, \"panelIndex\": \"28115147-8399-4fcd-95ce-ed0a4f4239e3\", \"panelRefName\": \"panel_12\", \"title\": \"Logout Details\", \"version\": \"7.7.0\"}]",
                "timeRestore": false,
                "title": "[Winlogbeat Security] User Logons",
                "version": 1
            },
            "id": "bae11b00-9bfc-11ea-87e4-49f31ec44891",
            "migrationVersion": {
                "dashboard": "7.3.0"
            },
            "references": [
                {
                    "id": "804dd400-a248-11e9-a422-d144027429da",
                    "name": "panel_0",
                    "type": "visualization"
                },
                {
                    "id": "e2516c10-a249-11e9-a422-d144027429da",
                    "name": "panel_1",
                    "type": "visualization"
                },
                {
                    "id": "18348f30-a24d-11e9-a422-d144027429da",
                    "name": "panel_2",
                    "type": "visualization"
                },
                {
                    "id": "ce71c9a0-a25e-11e9-a422-d144027429da",
                    "name": "panel_3",
                    "type": "search"
                },
                {
                    "id": "a3c3f350-9b6d-11ea-87e4-49f31ec44891",
                    "name": "panel_4",
                    "type": "visualization"
                },
                {
                    "id": "0622da40-9bfd-11ea-87e4-49f31ec44891",
                    "name": "panel_5",
                    "type": "visualization"
                },
                {
                    "id": "860706a0-9bfd-11ea-87e4-49f31ec44891",
                    "name": "panel_6",
                    "type": "visualization"
                },
                {
                    "id": "a909b930-685f-11ea-896f-0d70f7ec3956",
                    "name": "panel_7",
                    "type": "visualization"
                },
                {
                    "id": "006d75f0-9c03-11ea-87e4-49f31ec44891",
                    "name": "panel_8",
                    "type": "visualization"
                },
                {
                    "id": "21aadac0-9c0b-11ea-87e4-49f31ec44891",
                    "name": "panel_9",
                    "type": "visualization"
                },
                {
                    "id": "6f4071a0-7a78-11ea-bc9a-0baf2ca323a3",
                    "name": "panel_10",
                    "type": "search"
                },
                {
                    "id": "25f31ee0-9c23-11ea-87e4-49f31ec44891",
                    "name": "panel_11",
                    "type": "visualization"
                },
                {
                    "id": "06b6b060-7a80-11ea-bc9a-0baf2ca323a3",
                    "name": "panel_12",
                    "type": "search"
                }
            ],
            "type": "dashboard",
            "updated_at": "2020-06-04T16:26:26.182Z",
            "version": "WzExNCwxXQ=="
        },
        {
            "attributes": {
                "description": "",
                "kibanaSavedObjectMeta": {
                    "searchSourceJSON": "{\"filter\": [{\"$state\": {\"store\": \"appState\"}, \"meta\": {\"alias\": null, \"disabled\": false, \"indexRefName\": \"kibanaSavedObjectMeta.searchSourceJSON.filter[0].meta.index\", \"key\": \"event.code\", \"negate\": false, \"params\": [\"4672\"], \"type\": \"phrases\", \"value\": \"4672\"}, \"query\": {\"bool\": {\"minimum_should_match\": 1, \"should\": [{\"match_phrase\": {\"event.code\": \"4672\"}}]}}}], \"indexRefName\": \"kibanaSavedObjectMeta.searchSourceJSON.index\", \"query\": {\"language\": \"kuery\", \"query\": \"\"}}"
                },
                "title": "Logged on Administrators [Winlogbeat Security]",
                "uiStateJSON": "{\"vis\": {\"params\": {\"sort\": {\"columnIndex\": null, \"direction\": null}}}}",
                "version": 1,
                "visState": "{\"aggs\": [{\"enabled\": true, \"id\": \"1\", \"params\": {\"customLabel\": \"\"}, \"schema\": \"metric\", \"type\": \"count\"}, {\"enabled\": true, \"id\": \"3\", \"params\": {\"customLabel\": \"Date\", \"drop_partials\": false, \"extended_bounds\": {}, \"field\": \"@timestamp\", \"interval\": \"auto\", \"min_doc_count\": 1, \"scaleMetricValues\": false, \"timeRange\": {\"from\": \"2020-05-20T07:35:27.496Z\", \"to\": \"2020-05-22T00:01:10.239Z\"}, \"useNormalizedEsInterval\": true}, \"schema\": \"bucket\", \"type\": \"date_histogram\"}, {\"enabled\": true, \"id\": \"6\", \"params\": {\"customLabel\": \"user.name\", \"field\": \"user.name\", \"missingBucket\": false, \"missingBucketLabel\": \"Missing\", \"order\": \"desc\", \"orderBy\": \"1\", \"otherBucket\": false, \"otherBucketLabel\": \"Other\", \"size\": 5}, \"schema\": \"bucket\", \"type\": \"terms\"}, {\"enabled\": true, \"id\": \"8\", \"params\": {\"customLabel\": \"# Thread\", \"field\": \"winlog.process.thread.id\", \"missingBucket\": false, \"missingBucketLabel\": \"Missing\", \"order\": \"desc\", \"orderBy\": \"1\", \"otherBucket\": false, \"otherBucketLabel\": \"Other\", \"size\": 5}, \"schema\": \"bucket\", \"type\": \"terms\"}, {\"enabled\": true, \"id\": \"9\", \"params\": {\"customLabel\": \"LogonID\", \"field\": \"winlog.logon.id\", \"missingBucket\": false, \"missingBucketLabel\": \"Missing\", \"order\": \"desc\", \"orderBy\": \"1\", \"otherBucket\": false, \"otherBucketLabel\": \"Other\", \"size\": 5}, \"schema\": \"bucket\", \"type\": \"terms\"}], \"params\": {\"dimensions\": {\"buckets\": [{\"accessor\": 0, \"aggType\": \"date_histogram\", \"format\": {\"id\": \"date\", \"params\": {\"pattern\": \"YYYY-MM-DD HH:mm\"}}, \"label\": \"Fecha - Hora \", \"params\": {}}, {\"accessor\": 1, \"aggType\": \"terms\", \"format\": {\"id\": \"terms\", \"params\": {\"id\": \"string\", \"missingBucketLabel\": \"Missing\", \"otherBucketLabel\": \"Other\", \"parsedUrl\": {\"basePath\": \"/s/siem\", \"origin\": \"https://192.168.1.72:5601\", \"pathname\": \"/s/siem/app/kibana\"}}}, \"label\": \"Usuario\", \"params\": {}}, {\"accessor\": 2, \"aggType\": \"terms\", \"format\": {\"id\": \"terms\", \"params\": {\"id\": \"number\", \"missingBucketLabel\": \"Missing\", \"otherBucketLabel\": \"Other\", \"parsedUrl\": {\"basePath\": \"/s/siem\", \"origin\": \"https://192.168.1.72:5601\", \"pathname\": \"/s/siem/app/kibana\"}}}, \"label\": \"# Thread\", \"params\": {}}, {\"accessor\": 3, \"aggType\": \"terms\", \"format\": {\"id\": \"terms\", \"params\": {\"id\": \"string\", \"missingBucketLabel\": \"Missing\", \"otherBucketLabel\": \"Other\", \"parsedUrl\": {\"basePath\": \"/s/siem\", \"origin\": \"https://192.168.1.72:5601\", \"pathname\": \"/s/siem/app/kibana\"}}}, \"label\": \"winlog.logon.id: Descending\", \"params\": {}}], \"metrics\": [{\"accessor\": 4, \"aggType\": \"count\", \"format\": {\"id\": \"number\"}, \"label\": \"Cantidad Eventos \", \"params\": {}}]}, \"perPage\": 10, \"percentageCol\": \"\", \"showMetricsAtAllLevels\": false, \"showPartialRows\": false, \"showTotal\": false, \"sort\": {\"columnIndex\": null, \"direction\": null}, \"totalFunc\": \"sum\"}, \"title\": \"Logged on Administrators [Winlogbeat Security]\", \"type\": \"table\"}"
            },
            "id": "804dd400-a248-11e9-a422-d144027429da",
            "migrationVersion": {
                "visualization": "7.7.0"
            },
            "references": [
                {
                    "id": "winlogbeat-*",
                    "name": "kibanaSavedObjectMeta.searchSourceJSON.index",
                    "type": "index-pattern"
                },
                {
                    "id": "winlogbeat-*",
                    "name": "kibanaSavedObjectMeta.searchSourceJSON.filter[0].meta.index",
                    "type": "index-pattern"
                }
            ],
            "type": "visualization",
            "updated_at": "2020-06-04T16:26:26.182Z",
            "version": "WzExNSwxXQ=="
        },
        {
            "attributes": {
                "description": "",
                "kibanaSavedObjectMeta": {
                    "searchSourceJSON": "{\"filter\": [{\"$state\": {\"store\": \"appState\"}, \"meta\": {\"alias\": null, \"disabled\": false, \"indexRefName\": \"kibanaSavedObjectMeta.searchSourceJSON.filter[0].meta.index\", \"key\": \"event.code\", \"negate\": false, \"params\": {\"query\": \"4672\"}, \"type\": \"phrase\"}, \"query\": {\"match\": {\"event.code\": {\"query\": \"4672\", \"type\": \"phrase\"}}}}], \"indexRefName\": \"kibanaSavedObjectMeta.searchSourceJSON.index\", \"query\": {\"language\": \"kuery\", \"query\": \"\"}}"
                },
                "title": "Administrator Users [Winlogbeat Security]",
                "uiStateJSON": "{\"vis\": {\"legendOpen\": true}}",
                "version": 1,
                "visState": "{\"aggs\": [{\"enabled\": true, \"id\": \"1\", \"params\": {\"field\": \"winlog.logon.id\"}, \"schema\": \"metric\", \"type\": \"cardinality\"}, {\"enabled\": true, \"id\": \"2\", \"params\": {\"field\": \"user.name\", \"missingBucket\": false, \"missingBucketLabel\": \"Missing\", \"order\": \"desc\", \"orderBy\": \"1\", \"otherBucket\": false, \"otherBucketLabel\": \"Other\", \"size\": 10}, \"schema\": \"segment\", \"type\": \"terms\"}], \"params\": {\"addLegend\": true, \"addTooltip\": true, \"dimensions\": {\"buckets\": [{\"accessor\": 0, \"aggType\": \"terms\", \"format\": {\"id\": \"terms\", \"params\": {\"id\": \"string\", \"missingBucketLabel\": \"Missing\", \"otherBucketLabel\": \"Other\", \"parsedUrl\": {\"basePath\": \"/s/siem\", \"origin\": \"https://192.168.1.72:5601\", \"pathname\": \"/s/siem/app/kibana\"}}}, \"label\": \"user.name: Descending\", \"params\": {}}], \"metric\": {\"accessor\": 1, \"aggType\": \"cardinality\", \"format\": {\"id\": \"number\"}, \"label\": \"Unique count of winlog.logon.id\", \"params\": {}}}, \"isDonut\": false, \"labels\": {\"last_level\": true, \"show\": false, \"truncate\": 100, \"values\": true}, \"legendPosition\": \"bottom\", \"type\": \"pie\"}, \"title\": \"Administrator Users [Winlogbeat Security]\", \"type\": \"pie\"}"
            },
            "id": "e2516c10-a249-11e9-a422-d144027429da",
            "migrationVersion": {
                "visualization": "7.7.0"
            },
            "references": [
                {
                    "id": "winlogbeat-*",
                    "name": "kibanaSavedObjectMeta.searchSourceJSON.index",
                    "type": "index-pattern"
                },
                {
                    "id": "winlogbeat-*",
                    "name": "kibanaSavedObjectMeta.searchSourceJSON.filter[0].meta.index",
                    "type": "index-pattern"
                }
            ],
            "type": "visualization",
            "updated_at": "2020-06-04T16:26:26.182Z",
            "version": "WzExNiwxXQ=="
        },
        {
            "attributes": {
                "description": "",
                "kibanaSavedObjectMeta": {
                    "searchSourceJSON": "{\"filter\": [], \"query\": {\"language\": \"kuery\", \"query\": \"\"}}"
                },
                "title": "User Logon Dashboard [Winlogbeat Security]",
                "uiStateJSON": "{}",
                "version": 1,
                "visState": "{\"aggs\": [], \"params\": {\"fontSize\": 10, \"markdown\": \"## **Logon Information Dashboard**\", \"openLinksInNewTab\": false}, \"title\": \"User Logon Dashboard [Winlogbeat Security] \", \"type\": \"markdown\"}"
            },
            "id": "18348f30-a24d-11e9-a422-d144027429da",
            "migrationVersion": {
                "visualization": "7.7.0"
            },
            "references": [],
            "type": "visualization",
            "updated_at": "2020-06-04T16:26:26.182Z",
            "version": "WzExNywxXQ=="
        },
        {
            "attributes": {
                "columns": [
                    "user.name",
                    "winlog.logon.type",
                    "source.domain",
                    "source.ip",
                    "winlog.logon.id"
                ],
                "description": "",
                "hits": 0,
                "kibanaSavedObjectMeta": {
                    "searchSourceJSON": "{\"filter\": [{\"$state\": {\"store\": \"appState\"}, \"meta\": {\"alias\": null, \"disabled\": false, \"indexRefName\": \"kibanaSavedObjectMeta.searchSourceJSON.filter[0].meta.index\", \"key\": \"event.code\", \"negate\": false, \"params\": {\"query\": \"4624\"}, \"type\": \"phrase\"}, \"query\": {\"match\": {\"event.code\": {\"query\": \"4624\", \"type\": \"phrase\"}}}}], \"highlightAll\": true, \"indexRefName\": \"kibanaSavedObjectMeta.searchSourceJSON.index\", \"query\": {\"language\": \"kuery\", \"query\": \"\"}, \"version\": true}"
                },
                "sort": [
                    [
                        "@timestamp",
                        "desc"
                    ]
                ],
                "title": "User Logons [Winlogbeat Security]",
                "version": 1
            },
            "id": "ce71c9a0-a25e-11e9-a422-d144027429da",
            "migrationVersion": {
                "search": "7.4.0"
            },
            "references": [
                {
                    "id": "winlogbeat-*",
                    "name": "kibanaSavedObjectMeta.searchSourceJSON.index",
                    "type": "index-pattern"
                },
                {
                    "id": "winlogbeat-*",
                    "name": "kibanaSavedObjectMeta.searchSourceJSON.filter[0].meta.index",
                    "type": "index-pattern"
                }
            ],
            "type": "search",
            "updated_at": "2020-06-04T16:26:26.182Z",
            "version": "WzExOCwxXQ=="
        },
        {
            "attributes": {
                "description": "",
                "kibanaSavedObjectMeta": {
                    "searchSourceJSON": "{\"filter\": [], \"query\": {\"language\": \"kuery\", \"query\": \"\"}}"
                },
                "title": "Dashboard links  [Winlogbeat Security]",
                "uiStateJSON": "{}",
                "version": 1,
                "visState": "{\"aggs\": [], \"params\": {\"fontSize\": 12, \"markdown\": \"[Winlogbeat Overview](#/dashboard/Winlogbeat-Dashboard-ecs) | [User Logon Information](#/dashboard/bae11b00-9bfc-11ea-87e4-49f31ec44891) |  [Logon Failed and Account Lockout](#/dashboard/d401ef40-a7d5-11e9-a422-d144027429da) | [User Management Events](#/dashboard/71f720f0-ff18-11e9-8405-516218e3d268) | [Group Management Events](#/dashboard/bb858830-f412-11e9-8405-516218e3d268)\", \"openLinksInNewTab\": false}, \"title\": \"Dashboard links  [Winlogbeat Security]\", \"type\": \"markdown\"}"
            },
            "id": "a3c3f350-9b6d-11ea-87e4-49f31ec44891",
            "migrationVersion": {
                "visualization": "7.7.0"
            },
            "references": [],
            "type": "visualization",
            "updated_at": "2020-06-04T16:49:11.152Z",
            "version": "WzI1MCwxXQ=="
        },
        {
            "attributes": {
                "description": "",
                "kibanaSavedObjectMeta": {
                    "searchSourceJSON": "{\"filter\": [], \"query\": {\"language\": \"kuery\", \"query\": \"\"}}"
                },
                "title": "Administrator Logons [Winlogbeat Security]",
                "uiStateJSON": "{}",
                "version": 1,
                "visState": "{\"aggs\": [], \"params\": {\"axis_formatter\": \"number\", \"axis_position\": \"left\", \"axis_scale\": \"normal\", \"background_color_rules\": [{\"background_color\": \"rgba(204,204,204,1)\", \"id\": \"d5bcde50-9bfc-11ea-aaa3-618beeff2d9c\", \"operator\": \"lte\", \"value\": 0}, {\"background_color\": \"rgba(181,49,0,1)\", \"id\": \"16018150-9bfd-11ea-aaa3-618beeff2d9c\", \"operator\": \"gte\", \"value\": 0}], \"default_index_pattern\": \"packetbeat-*\", \"default_timefield\": \"@timestamp\", \"filter\": {\"language\": \"kuery\", \"query\": \"event.code: \\\"4672\\\"\"}, \"id\": \"61ca57f0-469d-11e7-af02-69e470af7417\", \"index_pattern\": \"winlogbeat-*\", \"interval\": \"90d\", \"isModelInvalid\": false, \"series\": [{\"axis_position\": \"right\", \"chart_type\": \"line\", \"color\": \"#68BC00\", \"fill\": 0.5, \"formatter\": \"number\", \"id\": \"61ca57f1-469d-11e7-af02-69e470af7417\", \"label\": \"Administrator Logons\", \"line_width\": 1, \"metrics\": [{\"id\": \"61ca57f2-469d-11e7-af02-69e470af7417\", \"type\": \"count\"}], \"point_size\": 1, \"separate_axis\": 0, \"split_mode\": \"everything\", \"stacked\": \"none\"}], \"show_grid\": 1, \"show_legend\": 1, \"time_field\": \"@timestamp\", \"time_range_mode\": \"entire_time_range\", \"type\": \"metric\"}, \"title\": \"Administrator Logons [Winlogbeat Security]\", \"type\": \"metrics\"}"
            },
            "id": "0622da40-9bfd-11ea-87e4-49f31ec44891",
            "migrationVersion": {
                "visualization": "7.7.0"
            },
            "references": [],
            "type": "visualization",
            "updated_at": "2020-06-04T16:26:26.182Z",
            "version": "WzEyMCwxXQ=="
        },
        {
            "attributes": {
                "description": "",
                "kibanaSavedObjectMeta": {
                    "searchSourceJSON": "{\"filter\": [], \"query\": {\"language\": \"kuery\", \"query\": \"\"}}"
                },
                "title": "User Logons [Winlogbeat Security]",
                "uiStateJSON": "{}",
                "version": 1,
                "visState": "{\"aggs\": [], \"params\": {\"axis_formatter\": \"number\", \"axis_position\": \"left\", \"axis_scale\": \"normal\", \"background_color_rules\": [{\"background_color\": \"rgba(204,204,204,1)\", \"id\": \"d5bcde50-9bfc-11ea-aaa3-618beeff2d9c\", \"operator\": \"lte\", \"value\": 0}, {\"background_color\": \"rgba(7,139,141,1)\", \"id\": \"16018150-9bfd-11ea-aaa3-618beeff2d9c\", \"operator\": \"gte\", \"value\": 0}], \"default_index_pattern\": \"packetbeat-*\", \"default_timefield\": \"@timestamp\", \"filter\": {\"language\": \"kuery\", \"query\": \"event.code: \\\"4624\\\"\"}, \"id\": \"61ca57f0-469d-11e7-af02-69e470af7417\", \"index_pattern\": \"winlogbeat-*\", \"interval\": \"90d\", \"isModelInvalid\": false, \"series\": [{\"axis_position\": \"right\", \"chart_type\": \"line\", \"color\": \"#68BC00\", \"fill\": 0.5, \"formatter\": \"number\", \"id\": \"61ca57f1-469d-11e7-af02-69e470af7417\", \"label\": \"Logons \", \"line_width\": 1, \"metrics\": [{\"id\": \"61ca57f2-469d-11e7-af02-69e470af7417\", \"type\": \"count\"}], \"point_size\": 1, \"separate_axis\": 0, \"split_mode\": \"everything\", \"stacked\": \"none\"}], \"show_grid\": 1, \"show_legend\": 1, \"time_field\": \"@timestamp\", \"time_range_mode\": \"entire_time_range\", \"type\": \"metric\"}, \"title\": \"User Logons [Winlogbeat Security]\", \"type\": \"metrics\"}"
            },
            "id": "860706a0-9bfd-11ea-87e4-49f31ec44891",
            "migrationVersion": {
                "visualization": "7.7.0"
            },
            "references": [],
            "type": "visualization",
            "updated_at": "2020-06-04T16:26:26.182Z",
            "version": "WzEyMSwxXQ=="
        },
        {
            "attributes": {
                "description": "",
                "kibanaSavedObjectMeta": {
                    "searchSourceJSON": "{\"filter\": [], \"query\": {\"language\": \"kuery\", \"query\": \"\"}}"
                },
                "title": "Logon Events Timeline [Winlogbeat Security]",
                "uiStateJSON": "{}",
                "version": 1,
                "visState": "{\"aggs\": [], \"params\": {\"axis_formatter\": \"number\", \"axis_position\": \"left\", \"axis_scale\": \"normal\", \"default_index_pattern\": \"packetbeat-*\", \"default_timefield\": \"@timestamp\", \"filter\": {\"language\": \"kuery\", \"query\": \"event.code: \\\"4672\\\" or event.code: \\\"4624\\\" \"}, \"id\": \"61ca57f0-469d-11e7-af02-69e470af7417\", \"index_pattern\": \"winlogbeat-*\", \"interval\": \"\", \"isModelInvalid\": false, \"series\": [{\"axis_position\": \"right\", \"chart_type\": \"line\", \"color\": \"#68BC00\", \"fill\": 0.5, \"formatter\": \"number\", \"id\": \"61ca57f1-469d-11e7-af02-69e470af7417\", \"label\": \"\", \"line_width\": 1, \"metrics\": [{\"id\": \"61ca57f2-469d-11e7-af02-69e470af7417\", \"type\": \"count\"}], \"point_size\": 1, \"separate_axis\": 0, \"split_filters\": [{\"color\": \"rgba(226,115,0,1)\", \"filter\": {\"language\": \"kuery\", \"query\": \"event.code: \\\"4672\\\"\"}, \"id\": \"7560ee50-685f-11ea-8d46-c19e41702dd4\", \"label\": \"Admin logons\"}, {\"color\": \"rgba(164,221,243,1)\", \"filter\": {\"language\": \"kuery\", \"query\": \"event.code: \\\"4624\\\"\"}, \"id\": \"80e7fb10-685f-11ea-8d46-c19e41702dd4\", \"label\": \"Logon Events\"}], \"split_mode\": \"filters\", \"stacked\": \"none\", \"type\": \"timeseries\"}], \"show_grid\": 1, \"show_legend\": 1, \"time_field\": \"@timestamp\", \"type\": \"timeseries\"}, \"title\": \"Logon Events Timeline [Winlogbeat Security]\", \"type\": \"metrics\"}"
            },
            "id": "a909b930-685f-11ea-896f-0d70f7ec3956",
            "migrationVersion": {
                "visualization": "7.7.0"
            },
            "references": [],
            "type": "visualization",
            "updated_at": "2020-06-04T16:26:26.182Z",
            "version": "WzEyMiwxXQ=="
        },
        {
            "attributes": {
                "description": "",
                "kibanaSavedObjectMeta": {
                    "searchSourceJSON": "{\"filter\": [{\"$state\": {\"store\": \"appState\"}, \"meta\": {\"alias\": null, \"disabled\": false, \"indexRefName\": \"kibanaSavedObjectMeta.searchSourceJSON.filter[0].meta.index\", \"key\": \"event.code\", \"negate\": false, \"params\": {\"query\": \"4624\"}, \"type\": \"phrase\"}, \"query\": {\"match_phrase\": {\"event.code\": \"4624\"}}}], \"indexRefName\": \"kibanaSavedObjectMeta.searchSourceJSON.index\", \"query\": {\"language\": \"kuery\", \"query\": \"\"}}"
                },
                "title": "Logon Types  [Winlogbeat Security]",
                "uiStateJSON": "{\"vis\": {\"legendOpen\": true}}",
                "version": 1,
                "visState": "{\"aggs\": [{\"enabled\": true, \"id\": \"1\", \"params\": {\"field\": \"winlog.logon.id\"}, \"schema\": \"metric\", \"type\": \"cardinality\"}, {\"enabled\": true, \"id\": \"2\", \"params\": {\"field\": \"winlog.logon.type\", \"missingBucket\": false, \"missingBucketLabel\": \"Missing\", \"order\": \"desc\", \"orderBy\": \"1\", \"otherBucket\": false, \"otherBucketLabel\": \"Other\", \"size\": 20}, \"schema\": \"segment\", \"type\": \"terms\"}], \"params\": {\"addLegend\": true, \"addTooltip\": true, \"dimensions\": {\"buckets\": [{\"accessor\": 0, \"aggType\": \"terms\", \"format\": {\"id\": \"terms\", \"params\": {\"id\": \"string\", \"missingBucketLabel\": \"Missing\", \"otherBucketLabel\": \"Other\", \"parsedUrl\": {\"basePath\": \"/s/siem\", \"origin\": \"https://192.168.1.72:5601\", \"pathname\": \"/s/siem/app/kibana\"}}}, \"label\": \"user.name: Descending\", \"params\": {}}], \"metric\": {\"accessor\": 1, \"aggType\": \"cardinality\", \"format\": {\"id\": \"number\"}, \"label\": \"Unique count of winlog.logon.id\", \"params\": {}}}, \"isDonut\": false, \"labels\": {\"last_level\": true, \"show\": false, \"truncate\": 100, \"values\": true}, \"legendPosition\": \"right\", \"type\": \"pie\"}, \"title\": \"Logon Types  [Winlogbeat Security]\", \"type\": \"pie\"}"
            },
            "id": "006d75f0-9c03-11ea-87e4-49f31ec44891",
            "migrationVersion": {
                "visualization": "7.7.0"
            },
            "references": [
                {
                    "id": "winlogbeat-*",
                    "name": "kibanaSavedObjectMeta.searchSourceJSON.index",
                    "type": "index-pattern"
                },
                {
                    "id": "winlogbeat-*",
                    "name": "kibanaSavedObjectMeta.searchSourceJSON.filter[0].meta.index",
                    "type": "index-pattern"
                }
            ],
            "type": "visualization",
            "updated_at": "2020-06-04T16:26:26.182Z",
            "version": "WzEyMywxXQ=="
        },
        {
            "attributes": {
                "description": "",
                "kibanaSavedObjectMeta": {
                    "searchSourceJSON": "{\"filter\": [], \"query\": {\"language\": \"kuery\", \"query\": \"\"}}"
                },
                "savedSearchRefName": "search_0",
                "title": "Logon Sources [Winlogbeat Security]",
                "uiStateJSON": "{}",
                "version": 1,
                "visState": "{\"aggs\": [{\"enabled\": true, \"id\": \"1\", \"params\": {}, \"schema\": \"metric\", \"type\": \"count\"}, {\"enabled\": true, \"id\": \"2\", \"params\": {\"field\": \"source.ip\", \"missingBucket\": false, \"missingBucketLabel\": \"Missing\", \"order\": \"desc\", \"orderBy\": \"1\", \"otherBucket\": false, \"otherBucketLabel\": \"Other\", \"size\": 15}, \"schema\": \"segment\", \"type\": \"terms\"}], \"params\": {\"maxFontSize\": 72, \"minFontSize\": 18, \"orientation\": \"single\", \"scale\": \"linear\", \"showLabel\": false}, \"title\": \"Logon Sources [Winlogbeat Security]\", \"type\": \"tagcloud\"}"
            },
            "id": "21aadac0-9c0b-11ea-87e4-49f31ec44891",
            "migrationVersion": {
                "visualization": "7.7.0"
            },
            "references": [
                {
                    "id": "7e178c80-fee1-11e9-8405-516218e3d268",
                    "name": "search_0",
                    "type": "search"
                }
            ],
            "type": "visualization",
            "updated_at": "2020-06-04T16:26:26.182Z",
            "version": "WzEyNCwxXQ=="
        },
        {
            "attributes": {
                "columns": [
                    "user.name",
                    "source.domain",
                    "source.ip",
                    "winlog.logon.id",
                    "event.action"
                ],
                "description": "",
                "hits": 0,
                "kibanaSavedObjectMeta": {
                    "searchSourceJSON": "{\"filter\": [{\"$state\": {\"store\": \"appState\"}, \"meta\": {\"alias\": null, \"disabled\": false, \"indexRefName\": \"kibanaSavedObjectMeta.searchSourceJSON.filter[0].meta.index\", \"key\": \"event.code\", \"negate\": false, \"params\": [\"4778\", \"4779\"], \"type\": \"phrases\", \"value\": \"4778, 4779\"}, \"query\": {\"bool\": {\"minimum_should_match\": 1, \"should\": [{\"match_phrase\": {\"event.code\": \"4778\"}}, {\"match_phrase\": {\"event.code\": \"4779\"}}]}}}], \"highlightAll\": true, \"indexRefName\": \"kibanaSavedObjectMeta.searchSourceJSON.index\", \"query\": {\"language\": \"kuery\", \"query\": \"\"}, \"version\": true}"
                },
                "sort": [
                    [
                        "@timestamp",
                        "desc"
                    ]
                ],
                "title": "Remote Interactive Connections and Disconnections [Winlogbeat Security]",
                "version": 1
            },
            "id": "6f4071a0-7a78-11ea-bc9a-0baf2ca323a3",
            "migrationVersion": {
                "search": "7.4.0"
            },
            "references": [
                {
                    "id": "winlogbeat-*",
                    "name": "kibanaSavedObjectMeta.searchSourceJSON.index",
                    "type": "index-pattern"
                },
                {
                    "id": "winlogbeat-*",
                    "name": "kibanaSavedObjectMeta.searchSourceJSON.filter[0].meta.index",
                    "type": "index-pattern"
                }
            ],
            "type": "search",
            "updated_at": "2020-06-04T16:26:26.182Z",
            "version": "WzEyNSwxXQ=="
        },
        {
            "attributes": {
                "description": "",
                "kibanaSavedObjectMeta": {
                    "searchSourceJSON": "{\"filter\": [{\"$state\": {\"store\": \"appState\"}, \"meta\": {\"alias\": null, \"disabled\": false, \"indexRefName\": \"kibanaSavedObjectMeta.searchSourceJSON.filter[0].meta.index\", \"key\": \"event.code\", \"negate\": false, \"params\": {\"query\": \"4648\"}, \"type\": \"phrase\"}, \"query\": {\"match_phrase\": {\"event.code\": \"4648\"}}}], \"indexRefName\": \"kibanaSavedObjectMeta.searchSourceJSON.index\", \"query\": {\"language\": \"kuery\", \"query\": \"\"}}"
                },
                "title": "Logon with Explicit Credentials [Winlogbeat Security]",
                "uiStateJSON": "{\"vis\": {\"params\": {\"sort\": {\"columnIndex\": null, \"direction\": null}}}}",
                "version": 1,
                "visState": "{\"aggs\": [{\"enabled\": true, \"id\": \"1\", \"params\": {}, \"schema\": \"metric\", \"type\": \"count\"}, {\"enabled\": true, \"id\": \"2\", \"params\": {\"customLabel\": \"user.name\", \"field\": \"user.name\", \"missingBucket\": false, \"missingBucketLabel\": \"Missing\", \"order\": \"desc\", \"orderBy\": \"1\", \"otherBucket\": false, \"otherBucketLabel\": \"Other\", \"size\": 200}, \"schema\": \"bucket\", \"type\": \"terms\"}, {\"enabled\": true, \"id\": \"4\", \"params\": {\"customLabel\": \"subjectUserName\", \"field\": \"winlog.event_data.SubjectUserName\", \"missingBucket\": false, \"missingBucketLabel\": \"Missing\", \"order\": \"desc\", \"orderBy\": \"1\", \"otherBucket\": false, \"otherBucketLabel\": \"Other\", \"size\": 5}, \"schema\": \"bucket\", \"type\": \"terms\"}, {\"enabled\": true, \"id\": \"5\", \"params\": {\"customLabel\": \"source.ip\", \"field\": \"source.ip\", \"json\": \"{\\\"missing\\\": \\\"::\\\"}\", \"missingBucket\": false, \"missingBucketLabel\": \"Missing\", \"order\": \"desc\", \"orderBy\": \"1\", \"otherBucket\": false, \"otherBucketLabel\": \"Other\", \"size\": 5}, \"schema\": \"bucket\", \"type\": \"terms\"}, {\"enabled\": true, \"id\": \"6\", \"params\": {\"customLabel\": \"LogonID\", \"field\": \"winlog.logon.id\", \"missingBucket\": false, \"missingBucketLabel\": \"Missing\", \"order\": \"desc\", \"orderBy\": \"1\", \"otherBucket\": false, \"otherBucketLabel\": \"Other\", \"size\": 5}, \"schema\": \"bucket\", \"type\": \"terms\"}], \"params\": {\"perPage\": 10, \"percentageCol\": \"\", \"showMetricsAtAllLevels\": false, \"showPartialRows\": false, \"showTotal\": false, \"sort\": {\"columnIndex\": null, \"direction\": null}, \"totalFunc\": \"sum\"}, \"title\": \"Logon with Explicit Credentials [Winlogbeat Security]\", \"type\": \"table\"}"
            },
            "id": "25f31ee0-9c23-11ea-87e4-49f31ec44891",
            "migrationVersion": {
                "visualization": "7.7.0"
            },
            "references": [
                {
                    "id": "winlogbeat-*",
                    "name": "kibanaSavedObjectMeta.searchSourceJSON.index",
                    "type": "index-pattern"
                },
                {
                    "id": "winlogbeat-*",
                    "name": "kibanaSavedObjectMeta.searchSourceJSON.filter[0].meta.index",
                    "type": "index-pattern"
                }
            ],
            "type": "visualization",
            "updated_at": "2020-06-04T16:26:26.182Z",
            "version": "WzEyNiwxXQ=="
        },
        {
            "attributes": {
                "columns": [
                    "user.name",
                    "user.domain",
                    "winlog.logon.id",
                    "event.action",
                    "winlog.logon.type",
                    "winlog.event_data.SubjectUserName"
                ],
                "description": "",
                "hits": 0,
                "kibanaSavedObjectMeta": {
                    "searchSourceJSON": "{\"filter\": [{\"$state\": {\"store\": \"appState\"}, \"meta\": {\"alias\": null, \"disabled\": false, \"indexRefName\": \"kibanaSavedObjectMeta.searchSourceJSON.filter[0].meta.index\", \"key\": \"event.code\", \"negate\": false, \"params\": {\"query\": \"4625\"}, \"type\": \"phrase\"}, \"query\": {\"match_phrase\": {\"event.code\": \"4625\"}}}, {\"$state\": {\"store\": \"appState\"}, \"meta\": {\"alias\": null, \"disabled\": false, \"indexRefName\": \"kibanaSavedObjectMeta.searchSourceJSON.filter[1].meta.index\", \"key\": \"winlog.provider_name\", \"negate\": false, \"params\": {\"query\": \"Microsoft-Windows-Security-Auditing\"}, \"type\": \"phrase\"}, \"query\": {\"match_phrase\": {\"winlog.provider_name\": \"Microsoft-Windows-Security-Auditing\"}}}], \"highlightAll\": true, \"indexRefName\": \"kibanaSavedObjectMeta.searchSourceJSON.index\", \"query\": {\"language\": \"kuery\", \"query\": \"\"}, \"version\": true}"
                },
                "sort": [
                    [
                        "@timestamp",
                        "desc"
                    ]
                ],
                "title": "User Logouts [Winlogbeat Security]",
                "version": 1
            },
            "id": "06b6b060-7a80-11ea-bc9a-0baf2ca323a3",
            "migrationVersion": {
                "search": "7.4.0"
            },
            "references": [
                {
                    "id": "winlogbeat-*",
                    "name": "kibanaSavedObjectMeta.searchSourceJSON.index",
                    "type": "index-pattern"
                },
                {
                    "id": "winlogbeat-*",
                    "name": "kibanaSavedObjectMeta.searchSourceJSON.filter[0].meta.index",
                    "type": "index-pattern"
                },
                {
                    "id": "winlogbeat-*",
                    "name": "kibanaSavedObjectMeta.searchSourceJSON.filter[1].meta.index",
                    "type": "index-pattern"
                }
            ],
            "type": "search",
            "updated_at": "2020-06-04T16:26:26.182Z",
            "version": "WzEyNywxXQ=="
        },
        {
            "attributes": {
                "columns": [
                    "user.name",
                    "source.domain",
                    "source.ip",
                    "winlog.logon.id",
                    "winlog.logon.type"
                ],
                "description": "",
                "hits": 0,
                "kibanaSavedObjectMeta": {
                    "searchSourceJSON": "{\"filter\": [{\"$state\": {\"store\": \"appState\"}, \"meta\": {\"alias\": null, \"disabled\": false, \"indexRefName\": \"kibanaSavedObjectMeta.searchSourceJSON.filter[0].meta.index\", \"key\": \"event.code\", \"negate\": false, \"params\": [\"4624\"], \"type\": \"phrases\", \"value\": \"4624\"}, \"query\": {\"bool\": {\"minimum_should_match\": 1, \"should\": [{\"match_phrase\": {\"event.code\": \"4624\"}}]}}}], \"highlightAll\": true, \"indexRefName\": \"kibanaSavedObjectMeta.searchSourceJSON.index\", \"query\": {\"language\": \"kuery\", \"query\": \"\"}, \"version\": true}"
                },
                "sort": [
                    [
                        "@timestamp",
                        "desc"
                    ]
                ],
                "title": "Logon Details [Winlogbeat Security]",
                "version": 1
            },
            "id": "7e178c80-fee1-11e9-8405-516218e3d268",
            "migrationVersion": {
                "search": "7.4.0"
            },
            "references": [
                {
                    "id": "winlogbeat-*",
                    "name": "kibanaSavedObjectMeta.searchSourceJSON.index",
                    "type": "index-pattern"
                },
                {
                    "id": "winlogbeat-*",
                    "name": "kibanaSavedObjectMeta.searchSourceJSON.filter[0].meta.index",
                    "type": "index-pattern"
                }
            ],
            "type": "search",
            "updated_at": "2020-06-04T16:26:27.206Z",
            "version": "WzE0MywxXQ=="
        }
    ],
    "version": "7.7.0"
}